{"num_observations": 43, "num_envs": 4096, "episode_length_s": 20.0, "mesh_type": "plane", "measure_heights": false, "heading_command": false, "resampling_time": 10.0, "base_height_command": true, "default_base_height": 0.25, "num_commands": 1, "ranges.base_height": [0.2, 0.3], "pos": [0.0, 0.0, 0.2], "default_joint_angles": {"FL_hip_joint": 0.0, "RL_hip_joint": 0.0, "FR_hip_joint": 0.0, "RR_hip_joint": 0.0, "FL_thigh_joint": 0.8, "RL_thigh_joint": 0.8, "FR_thigh_joint": 0.8, "RR_thigh_joint": 0.8, "FL_calf_joint": -1.5, "RL_calf_joint": -1.5, "FR_calf_joint": -1.5, "RR_calf_joint": -1.5}, "penalize_contacts_on": ["base", "thigh", "calf"], "max_contact_force": 350.0, "scales.lin_vel_z": -0.0, "scales.ang_vel_xy": -0.0, "scales.orientation": -0.5, "scales.torques": -0.0, "scales.dof_vel": -0.0, "scales.dof_acc": -2.5e-07, "scales.action_rate": -0.002, "scales.collision": -0.0, "scales.termination": -0.0, "scales.dof_pos_limits": -0.0, "scales.dof_vel_limits": -0.0, "scales.torque_limits": -0.0, "scales.feet_stumble": -0.0, "scales.stand_still": -0.0, "scales.feet_contact_forces": -0.0, "scales.dof_power": -0.0, "scales.hip_angle": -3.0, "scales.thigh_angle": -1.0, "scales.calf_angle": -1.0, "scales.lin_vel_xy": -0.0, "scales.tracking_lin_vel": 0.0, "scales.tracking_ang_vel": 0.0, "scales.feet_air_time": 0.0, "scales.base_uprightness": 1.0, "scales.foot_contact": 1.0, "scales.tracking_base_height": 0.0, "_timestamp": 1719548561.945376, "_runtime": 11.265645980834961, "_step": 392, "reward_action_rate": {"_type": "histogram", "values": [16, 38, 111, 294, 511, 710, 833, 702, 452, 189, 62, 19, 9, 7, 9, 9, 8, 7, 6, 7, 8, 7, 6, 8, 9, 8, 7, 9, 7, 13, 5, 10], "bins": [-0.0568159818649292, -0.05505158007144928, -0.05328717827796936, -0.05152277648448944, -0.04975837469100952, -0.0479939728975296, -0.04622957482933998, -0.04446517303586006, -0.04270077124238014, -0.04093636944890022, -0.0391719676554203, -0.037407565861940384, -0.035643164068460464, -0.033878762274980545, -0.032114360481500626, -0.030349960550665855, -0.028585558757185936, -0.026821156963706017, -0.025056755170226097, -0.023292353376746178, -0.021527953445911407, -0.019763551652431488, -0.01799914985895157, -0.01623474806547165, -0.014470347203314304, -0.012705945409834385, -0.010941543616354465, -0.00917714275419712, -0.007412740960717201, -0.005648339632898569, -0.0038839380722492933, -0.002119536744430661, -0.0003551352710928768]}, "reward_base_uprightness": {"_type": "histogram", "values": [466, 344, 238, 209, 135, 116, 105, 125, 100, 97, 84, 104, 120, 126, 182, 213, 205, 160, 88, 82, 57, 74, 76, 73, 59, 56, 31, 49, 50, 57, 63, 152], "bins": [0.0003430831420700997, 0.061299536377191544, 0.12225598841905594, 0.18321244418621063, 0.24416889250278473, 0.30512535572052, 0.3660818040370941, 0.4270382523536682, 0.4879947006702423, 0.5489511489868164, 0.6099076271057129, 0.6708640456199646, 0.7318205237388611, 0.7927769422531128, 0.8537334203720093, 0.914689838886261, 0.9756463170051575, 1.0366027355194092, 1.0975592136383057, 1.1585156917572021, 1.2194721698760986, 1.2804285287857056, 1.341385006904602, 1.4023414850234985, 1.463297963142395, 1.5242544412612915, 1.5852108001708984, 1.646167278289795, 1.7071237564086914, 1.768080234527588, 1.8290365934371948, 1.8899930715560913, 1.9509495496749878]}, "reward_calf_angle": {"_type": "histogram", "values": [6, 21, 69, 119, 149, 150, 170, 189, 160, 159, 180, 158, 158, 148, 151, 160, 161, 183, 170, 160, 174, 208, 200, 198, 224, 164, 26, 19, 13, 13, 17, 19], "bins": [-0.24270987510681152, -0.2351910024881363, -0.22767214477062225, -0.22015327215194702, -0.21263441443443298, -0.20511554181575775, -0.19759666919708252, -0.19007781147956848, -0.18255893886089325, -0.1750400811433792, -0.16752120852470398, -0.16000233590602875, -0.1524834781885147, -0.14496460556983948, -0.13744574785232544, -0.1299268752336502, -0.12240801006555557, -0.11488914489746094, -0.1073702797293663, -0.09985140711069107, -0.09233254194259644, -0.0848136767745018, -0.07729481160640717, -0.06977594643831253, -0.0622570775449276, -0.05473821237683296, -0.04721934348344803, -0.039700478315353394, -0.03218161314725876, -0.024662744253873825, -0.01714387908577919, -0.009625012055039406, -0.002106145489960909]}, "reward_dof_acc": {"_type": "histogram", "values": [2, 5, 30, 54, 113, 204, 291, 399, 485, 505, 497, 384, 242, 197, 142, 100, 81, 72, 68, 44, 44, 30, 20, 9, 7, 5, 11, 12, 11, 10, 9, 13], "bins": [-0.7090870141983032, -0.6870266199111938, -0.6649661660194397, -0.6429057717323303, -0.6208453178405762, -0.5987849235534668, -0.5767244696617126, -0.5546640753746033, -0.5326036214828491, -0.5105432271957397, -0.4884827733039856, -0.46642234921455383, -0.44436192512512207, -0.4223015010356903, -0.40024107694625854, -0.3781806528568268, -0.356120228767395, -0.33405980467796326, -0.3119993805885315, -0.28993895649909973, -0.26787853240966797, -0.2458181232213974, -0.22375769913196564, -0.20169727504253387, -0.1796368509531021, -0.15757642686367035, -0.1355160027742386, -0.11345557868480682, -0.09139515459537506, -0.0693347305059433, -0.047274310141801834, -0.02521388605237007, -0.0031534619629383087]}, "reward_foot_contact": {"_type": "histogram", "values": [1872, 166, 193, 253, 283, 168, 139, 103, 75, 47, 43, 42, 59, 45, 42, 28, 49, 51, 53, 53, 55, 32, 43, 34, 32, 39, 24, 23, 18, 16, 9, 7], "bins": [0.0, 0.019062494859099388, 0.038124989718198776, 0.057187482714653015, 0.07624997943639755, 0.09531247615814209, 0.11437496542930603, 0.13343746960163116, 0.1524999588727951, 0.17156244814395905, 0.19062495231628418, 0.20968744158744812, 0.22874993085861206, 0.2478124350309372, 0.26687493920326233, 0.28593742847442627, 0.3049999177455902, 0.32406240701675415, 0.3431248962879181, 0.3621874153614044, 0.38124990463256836, 0.4003123939037323, 0.41937488317489624, 0.4384373724460602, 0.4574998617172241, 0.47656238079071045, 0.4956248700618744, 0.5146873593330383, 0.5337498784065247, 0.5528123378753662, 0.5718748569488525, 0.5909373164176941, 0.6099998354911804]}, "reward_hip_angle": {"_type": "histogram", "values": [1, 7, 13, 27, 71, 124, 225, 359, 438, 575, 601, 568, 469, 275, 114, 59, 27, 10, 6, 11, 9, 11, 8, 9, 11, 12, 8, 10, 2, 10, 13, 13], "bins": [-0.17132912576198578, -0.1660033017396927, -0.1606774777173996, -0.1553516387939453, -0.15002581477165222, -0.14469999074935913, -0.13937416672706604, -0.13404834270477295, -0.12872250378131866, -0.12339667975902557, -0.11807085573673248, -0.11274503171443939, -0.1074192002415657, -0.10209337621927261, -0.09676755219697952, -0.09144172072410583, -0.08611589670181274, -0.08079006522893906, -0.07546424120664597, -0.07013841718435287, -0.06481258571147919, -0.059486761689186096, -0.05416093394160271, -0.04883510619401932, -0.04350927844643593, -0.03818345069885254, -0.03285762667655945, -0.02753179892897606, -0.02220597118139267, -0.01688014529645443, -0.01155431754887104, -0.006228490732610226, -0.0009026637999340892]}, "reward_orientation": {"_type": "histogram", "values": [316, 123, 81, 77, 82, 77, 79, 113, 99, 105, 108, 91, 112, 117, 132, 137, 135, 133, 130, 133, 139, 121, 110, 120, 116, 125, 138, 142, 171, 182, 209, 143], "bins": [-0.4888657331466675, -0.473599374294281, -0.4583330452442169, -0.44306668639183044, -0.42780032753944397, -0.4125339984893799, -0.3972676396369934, -0.38200128078460693, -0.36673495173454285, -0.35146859288215637, -0.3362022638320923, -0.3209359049797058, -0.30566954612731934, -0.29040321707725525, -0.2751368582248688, -0.2598704993724823, -0.24460415542125702, -0.22933781147003174, -0.21407146751880646, -0.19880512356758118, -0.1835387647151947, -0.16827242076396942, -0.15300607681274414, -0.13773971796035767, -0.12247337400913239, -0.1072070300579071, -0.09194067865610123, -0.07667432725429535, -0.06140798330307007, -0.04614163562655449, -0.03087528608739376, -0.015608937479555607, -0.0003425895411055535]}, "reward_thigh_angle": {"_type": "histogram",