{"num_observations": 43, "num_envs": 4096, "episode_length_s": 20.0, "mesh_type": "plane", "measure_heights": false, "heading_command": false, "resampling_time": 10.0, "base_height_command": true, "default_base_height": 0.25, "num_commands": 1, "ranges.base_height": [0.2, 0.3], "pos": [0.0, 0.0, 0.2], "default_joint_angles": {"FL_hip_joint": 0.0, "RL_hip_joint": 0.0, "FR_hip_joint": 0.0, "RR_hip_joint": 0.0, "FL_thigh_joint": 0.8, "RL_thigh_joint": 0.8, "FR_thigh_joint": 0.8, "RR_thigh_joint": 0.8, "FL_calf_joint": -1.5, "RL_calf_joint": -1.5, "FR_calf_joint": -1.5, "RR_calf_joint": -1.5}, "penalize_contacts_on": ["base", "thigh", "calf"], "max_contact_force": 350.0, "scales.orientation": -0.5, "scales.dof_acc": -2.5e-07, "scales.action_rate": -0.002, "scales.hip_angle": -3.0, "scales.thigh_angle": -1.0, "scales.calf_angle": -1.0, "scales.base_uprightness": 1.0, "scales.foot_contact": 1.0, "_timestamp": 1719559146.073646, "_runtime": 13.382883071899414, "_step": 313, "Commanded Height": 0.2840000092983246, "Current Height": 0.06761836260557175, "Target DOF Hip Mean": 0.0, "Current DOF Hip Mean": -0.007032505236566067, "Target DOF Thight Mean": 0.9415085911750793, "Current DOF Thight Mean": 0.8560734391212463, "Target DOF Calf Mean": -1.8830171823501587, "Current DOF Calf Mean": -1.510411024093628, "Mean episode rew_action_rate": -0.005130589008331299, "Mean episode rew_base_uprightness": 0.05077211186289787, "Mean episode rew_calf_angle": -0.014206571504473686, "Mean episode rew_dof_acc": -0.0538521409034729, "Mean episode rew_foot_contact": 0.007903014309704304, "Mean episode rew_hip_angle": -0.012959855608642101, "Mean episode rew_orientation": -0.01615036651492119, "Mean episode rew_thigh_angle": -0.006623314693570137, "mean_reward": 0.3703010260080919, "mean_episode_length": 109.19, "mean_value_loss": 0.0032848801580257713, "mean_surrogate_loss": -0.001380174860241823, "_wandb": {"runtime": 11}}